<?xml version="1.0" encoding="UTF-8"?>
<correo>
    <fecha>11/06/2019</fecha>
    <hora>17:45</hora>
    <remitente email="abdiaz@correo.com">
        <nombre>Alberto</nombre>
        <apellido>Díaz</apellido>
    </remitente>
    <destinatario email="smartinez@correo.com">
        <nombre>Sara</nombre>
        <apellido>Martínez</apellido>
    </destinatario>
    <asunto>Reunión del martes 19</asunto>
    <mensaje>Hola Sara, este es un recordatorio para la reunión del martes con los
        de Calidad a las 19.00h. Te adjunto el proyecto para que lo revises antes
        Saludos. Alberto</mensaje>
        <adjuntos>
            <adjunto>proyecto.pdf</adjunto> 
        </adjuntos>
</correo>