<?xml version="1.0" encoding="UTF-8"?>
<horario>
    <dia>
        <nombre>Lunes</nombre>
        <clases>
            <clase>
                <nombre>FH</nombre>
                <inicio>16:20</inicio>
                <fin>18:00</fin>
            </clase>
            <clase>
                <nombre>PAR</nombre>
                <inicio>18:00</inicio>
                <fin>20:30</fin>
            </clase>
            <clase>
                <nombre>FOL</nombre>
                <inicio>20:30</inicio>
                <fin>22:10</fin>
            </clase>
        </clases>
    </dia>
    <dia>
        <nombre>Martes</nombre>
        <clases>
            <clase>
                <nombre>ISO</nombre>
                <inicio>16:20</inicio>
                <fin>18:00</fin>
            </clase>
            <clase>
                <nombre>XBD</nombre>
                <inicio>18:00</inicio>
                <fin>19:40</fin>
            </clase>
            <clase>
                <nombre>LMSXI</nombre>
                <inicio>19:40</inicio>
                <fin>22:10</fin>
            </clase>
        </clases>
    </dia>
    <dia>
        <nombre>Miércoles</nombre>
        <clases>
            <clase>
                <nombre>FH</nombre>
                <inicio>16:20</inicio>
                <fin>18:00</fin>
            </clase>
            <clase>
                <nombre>PAR</nombre>
                <inicio>18:00</inicio>
                <fin>20:30</fin>
            </clase>
            <clase>
                <nombre>ISO</nombre>
                <inicio>20:30</inicio>
                <fin>21:20</fin>
            </clase>
            <clase>
                <nombre>XBD</nombre>
                <inicio>21:20</inicio>
                <fin>23:00</fin>
            </clase>
        </clases>
    </dia>
    <dia>
        <nombre>Xoves</nombre>
        <clases>
            <clase>
                <nombre>ISO</nombre>
                <inicio>16:20</inicio>
                <fin>18:00</fin>
            </clase>
            <clase>
                <nombre>PAR</nombre>
                <inicio>18:00</inicio>
                <fin>19:40</fin>
            </clase>
            <clase>
                <nombre>XBD</nombre>
                <inicio>19:40</inicio>
                <fin>22:10</fin>
            </clase>
        </clases>
    </dia>
    <dia>
        <nombre>Venres</nombre>
        <clases>
            <clase>
                <nombre>ISO</nombre>
                <inicio>16:20</inicio>
                <fin>18:50</fin>
            </clase>
            <clase>
                <nombre>PAR</nombre>
                <inicio>18:50</inicio>
                <fin>20:30</fin>
            </clase>
            <clase>
                <nombre>XBD</nombre>
                <inicio>20:30</inicio>
                <fin>22:10</fin>
            </clase>
        </clases>
    </dia>
</horario>