<?xml version="1.0" encoding="UTF-8"?>
<!DOCTYPE ciclos [
 <!ELEMENT ciclos (ciclo+)>
 <!ELEMENT ciclo ((medio | superior)*, familia, codigo, nome)>
 <!ELEMENT medio EMPTY>
 <!ELEMENT superior EMPTY>
 <!ELEMENT familia (#PCDATA)>
 <!ELEMENT codigo (#PCDATA)>
 <!ELEMENT nome (#PCDATA)>
]>

<ciclos>
    <ciclo>
        <superior />
        <familia>Informática e comunicacións</familia>
        <codigo>CSIFC03</codigo>
        <nome>Desenvolvemento de aplicacións web</nome>
    </ciclo>
    <ciclo>
        <medio />
        <familia>Madeira, Moble e Cortiza</familia>
        <codigo>CMMMC01</codigo>
        <nome>Carpintaría e Moble</nome>
    </ciclo>
</ciclos>
