<?xml version="1.0" encoding="ISO-8859-1" standalone="yes" ?>
<!DOCTYPE mensaxe [
<!ELEMENT mensaxe (de, para+, asunto, corpo?, adxunto*)>
 <!ELEMENT de (#PCDATA)>
 <!ELEMENT para (#PCDATA)>
 <!ELEMENT asunto (#PCDATA)>
 <!ELEMENT corpo (#PCDATA)>
 <!ELEMENT adxunto (#PCDATA)>
 <!ATTLIST mensaxe prioridad (baixa|normal|urxente)  #FIXED "normal">
 <!ATTLIST mensaxe gardarBandexa CDATA  "Enviados">
]>

<mensaxe prioridad="urxente" gardarBandexa="">
 <de>maria@gmail.com</de>
 <para>ignacio@gmail.com</para>
 <para>pedro@edu.xunta.es</para>
 <asunto>Envíoche os arquivos</asunto>
 <adxunto>D:\fotos\dePesca.jpg</adxunto>
 <adxunto>D:\docs\carta.odt</adxunto>
 <adxunto>D:\fotos\naCea.jpg</adxunto>
</mensaxe>